USE [webapi]
GO
IF  EXISTS (SELECT * FROM sys.objects WHERE object_id = OBJECT_ID(N'[dbo].[TB_PRIN]') AND type in (N'U'))
ALTER TABLE [dbo].[TB_PRIN] DROP CONSTRAINT IF EXISTS [FK_TB_PRIN_TB_SITU1]
GO
IF  EXISTS (SELECT * FROM sys.objects WHERE object_id = OBJECT_ID(N'[dbo].[TB_MENS_SMS]') AND type in (N'U'))
ALTER TABLE [dbo].[TB_MENS_SMS] DROP CONSTRAINT IF EXISTS [FK_TB_MENS_SMS_TB_MENS]
GO
IF  EXISTS (SELECT * FROM sys.objects WHERE object_id = OBJECT_ID(N'[dbo].[TB_MENS_SMS]') AND type in (N'U'))
ALTER TABLE [dbo].[TB_MENS_SMS] DROP CONSTRAINT IF EXISTS [FK_TB_MENS_SMS_TB_CELU]
GO
IF  EXISTS (SELECT * FROM sys.objects WHERE object_id = OBJECT_ID(N'[dbo].[TB_MENS_EMAIL]') AND type in (N'U'))
ALTER TABLE [dbo].[TB_MENS_EMAIL] DROP CONSTRAINT IF EXISTS [FK_TB_MENS_EMAIL_TB_MENS]
GO
IF  EXISTS (SELECT * FROM sys.objects WHERE object_id = OBJECT_ID(N'[dbo].[TB_MENS_EMAIL]') AND type in (N'U'))
ALTER TABLE [dbo].[TB_MENS_EMAIL] DROP CONSTRAINT IF EXISTS [FK_TB_MENS_EMAIL_TB_EMAIL]
GO
IF  EXISTS (SELECT * FROM sys.objects WHERE object_id = OBJECT_ID(N'[dbo].[TB_MENS]') AND type in (N'U'))
ALTER TABLE [dbo].[TB_MENS] DROP CONSTRAINT IF EXISTS [FK_TB_MENS_TB_PRIN]
GO
IF  EXISTS (SELECT * FROM sys.objects WHERE object_id = OBJECT_ID(N'[dbo].[TB_CHAVE_MENS_SMS]') AND type in (N'U'))
ALTER TABLE [dbo].[TB_CHAVE_MENS_SMS] DROP CONSTRAINT IF EXISTS [FK_TB_CHAVE_MENS_SMS_TB_PRIN]
GO
IF  EXISTS (SELECT * FROM sys.objects WHERE object_id = OBJECT_ID(N'[dbo].[TB_CHAVE_MENS_SMS]') AND type in (N'U'))
ALTER TABLE [dbo].[TB_CHAVE_MENS_SMS] DROP CONSTRAINT IF EXISTS [FK_TB_CHAVE_MENS_SMS_TB_MENS_SMS]
GO
/****** Object:  Table [dbo].[TB_SITU]    Script Date: 6/13/2021 11:41:28 PM ******/
DROP TABLE IF EXISTS [dbo].[TB_SITU]
GO
/****** Object:  Table [dbo].[TB_PRIN]    Script Date: 6/13/2021 11:41:28 PM ******/
DROP TABLE IF EXISTS [dbo].[TB_PRIN]
GO
/****** Object:  Table [dbo].[TB_MENS_SMS]    Script Date: 6/13/2021 11:41:28 PM ******/
DROP TABLE IF EXISTS [dbo].[TB_MENS_SMS]
GO
/****** Object:  Table [dbo].[TB_MENS_EMAIL]    Script Date: 6/13/2021 11:41:28 PM ******/
DROP TABLE IF EXISTS [dbo].[TB_MENS_EMAIL]
GO
/****** Object:  Table [dbo].[TB_MENS]    Script Date: 6/13/2021 11:41:28 PM ******/
DROP TABLE IF EXISTS [dbo].[TB_MENS]
GO
/****** Object:  Table [dbo].[TB_MBRO]    Script Date: 6/13/2021 11:41:28 PM ******/
DROP TABLE IF EXISTS [dbo].[TB_MBRO]
GO
/****** Object:  Table [dbo].[TB_EMAIL]    Script Date: 6/13/2021 11:41:28 PM ******/
DROP TABLE IF EXISTS [dbo].[TB_EMAIL]
GO
/****** Object:  Table [dbo].[TB_CONC]    Script Date: 6/13/2021 11:41:28 PM ******/
DROP TABLE IF EXISTS [dbo].[TB_CONC]
GO
/****** Object:  Table [dbo].[TB_CHAVE_MENS_SMS]    Script Date: 6/13/2021 11:41:28 PM ******/
DROP TABLE IF EXISTS [dbo].[TB_CHAVE_MENS_SMS]
GO
/****** Object:  Table [dbo].[TB_CELU]    Script Date: 6/13/2021 11:41:28 PM ******/
DROP TABLE IF EXISTS [dbo].[TB_CELU]
GO
/****** Object:  Table [dbo].[TB_CELU]    Script Date: 6/13/2021 11:41:28 PM ******/
SET ANSI_NULLS ON
GO
SET QUOTED_IDENTIFIER ON
GO
CREATE TABLE [dbo].[TB_CELU](
	[ID_CELU] [varchar](36) NOT NULL,
	[DDI] [smallint] NOT NULL,
	[DDD] [smallint] NOT NULL,
	[NUM_CELU] [varchar](50) NOT NULL,
 CONSTRAINT [PK_TB_CELU] PRIMARY KEY CLUSTERED 
(
	[ID_CELU] ASC
)WITH (PAD_INDEX = OFF, STATISTICS_NORECOMPUTE = OFF, IGNORE_DUP_KEY = OFF, ALLOW_ROW_LOCKS = ON, ALLOW_PAGE_LOCKS = ON, OPTIMIZE_FOR_SEQUENTIAL_KEY = OFF) ON [PRIMARY]
) ON [PRIMARY]
GO
/****** Object:  Table [dbo].[TB_CHAVE_MENS_SMS]    Script Date: 6/13/2021 11:41:28 PM ******/
SET ANSI_NULLS ON
GO
SET QUOTED_IDENTIFIER ON
GO
CREATE TABLE [dbo].[TB_CHAVE_MENS_SMS](
	[COD_P1] [varchar](3) NOT NULL,
	[COD_P2] [varchar](4) NOT NULL,
	[DAT_CHAVE] [date] NOT NULL,
	[TXT_CHAVE] [varchar](10) NOT NULL,
	[COD_MENS] [int] NULL,
 CONSTRAINT [PK_TB_CHAVE_MENS_SMS] PRIMARY KEY CLUSTERED 
(
	[COD_P1] ASC,
	[COD_P2] ASC,
	[DAT_CHAVE] ASC,
	[TXT_CHAVE] ASC
)WITH (PAD_INDEX = OFF, STATISTICS_NORECOMPUTE = OFF, IGNORE_DUP_KEY = OFF, ALLOW_ROW_LOCKS = ON, ALLOW_PAGE_LOCKS = ON, OPTIMIZE_FOR_SEQUENTIAL_KEY = OFF) ON [PRIMARY]
) ON [PRIMARY]
GO
/****** Object:  Table [dbo].[TB_CONC]    Script Date: 6/13/2021 11:41:28 PM ******/
SET ANSI_NULLS ON
GO
SET QUOTED_IDENTIFIER ON
GO
CREATE TABLE [dbo].[TB_CONC](
	[COD_TELE_PESS] [nvarchar](50) NOT NULL,
	[COD_CLI] [nvarchar](14) NOT NULL,
	[DAT_MENS] [date] NOT NULL,
	[COD_OFER] [nvarchar](10) NOT NULL,
	[COD_MES] [int] NULL
) ON [PRIMARY]
GO
/****** Object:  Table [dbo].[TB_EMAIL]    Script Date: 6/13/2021 11:41:28 PM ******/
SET ANSI_NULLS ON
GO
SET QUOTED_IDENTIFIER ON
GO
CREATE TABLE [dbo].[TB_EMAIL](
	[ID_EMAIL] [varchar](36) NOT NULL,
	[TXT_EMAIL] [varchar](100) NOT NULL,
 CONSTRAINT [PK_TB_EMAIL] PRIMARY KEY CLUSTERED 
(
	[ID_EMAIL] ASC
)WITH (PAD_INDEX = OFF, STATISTICS_NORECOMPUTE = OFF, IGNORE_DUP_KEY = OFF, ALLOW_ROW_LOCKS = ON, ALLOW_PAGE_LOCKS = ON, OPTIMIZE_FOR_SEQUENTIAL_KEY = OFF) ON [PRIMARY]
) ON [PRIMARY]
GO
/****** Object:  Table [dbo].[TB_MBRO]    Script Date: 6/13/2021 11:41:28 PM ******/
SET ANSI_NULLS ON
GO
SET QUOTED_IDENTIFIER ON
GO
CREATE TABLE [dbo].[TB_MBRO](
	[COD_MBRO] [int] NOT NULL,
	[PMRO_NOME_MBRO] [nvarchar](50) NOT NULL,
	[ULTM_NOME_MBRO] [nvarchar](50) NOT NULL,
	[NOME_MEIO] [nvarchar](50) NULL
) ON [PRIMARY]
GO
/****** Object:  Table [dbo].[TB_MENS]    Script Date: 6/13/2021 11:41:28 PM ******/
SET ANSI_NULLS ON
GO
SET QUOTED_IDENTIFIER ON
GO
CREATE TABLE [dbo].[TB_MENS](
	[COD_MENS] [int] IDENTITY(1,1) NOT NULL,
	[COD_P1] [varchar](3) NOT NULL,
	[COD_P2] [varchar](4) NOT NULL,
	[DAT_MENS] [datetime] NOT NULL,
	[COD_MENS_EXT] [nvarchar](36) NOT NULL,
 CONSTRAINT [PK_TB_MENS] PRIMARY KEY CLUSTERED 
(
	[COD_MENS] ASC
)WITH (PAD_INDEX = OFF, STATISTICS_NORECOMPUTE = OFF, IGNORE_DUP_KEY = OFF, ALLOW_ROW_LOCKS = ON, ALLOW_PAGE_LOCKS = ON, OPTIMIZE_FOR_SEQUENTIAL_KEY = OFF) ON [PRIMARY]
) ON [PRIMARY]
GO
/****** Object:  Table [dbo].[TB_MENS_EMAIL]    Script Date: 6/13/2021 11:41:28 PM ******/
SET ANSI_NULLS ON
GO
SET QUOTED_IDENTIFIER ON
GO
CREATE TABLE [dbo].[TB_MENS_EMAIL](
	[COD_MENS] [int] NOT NULL,
	[ID_EMAIL] [varchar](36) NOT NULL,
 CONSTRAINT [PK_TB_MENS_EMAIL] PRIMARY KEY CLUSTERED 
(
	[COD_MENS] ASC
)WITH (PAD_INDEX = OFF, STATISTICS_NORECOMPUTE = OFF, IGNORE_DUP_KEY = OFF, ALLOW_ROW_LOCKS = ON, ALLOW_PAGE_LOCKS = ON, OPTIMIZE_FOR_SEQUENTIAL_KEY = OFF) ON [PRIMARY]
) ON [PRIMARY]
GO
/****** Object:  Table [dbo].[TB_MENS_SMS]    Script Date: 6/13/2021 11:41:28 PM ******/
SET ANSI_NULLS ON
GO
SET QUOTED_IDENTIFIER ON
GO
CREATE TABLE [dbo].[TB_MENS_SMS](
	[COD_MENS] [int] NOT NULL,
	[ID_CELU] [varchar](36) NOT NULL,
 CONSTRAINT [PK_TB_MENS_SMS] PRIMARY KEY CLUSTERED 
(
	[COD_MENS] ASC
)WITH (PAD_INDEX = OFF, STATISTICS_NORECOMPUTE = OFF, IGNORE_DUP_KEY = OFF, ALLOW_ROW_LOCKS = ON, ALLOW_PAGE_LOCKS = ON, OPTIMIZE_FOR_SEQUENTIAL_KEY = OFF) ON [PRIMARY]
) ON [PRIMARY]
GO
/****** Object:  Table [dbo].[TB_PRIN]    Script Date: 6/13/2021 11:41:28 PM ******/
SET ANSI_NULLS ON
GO
SET QUOTED_IDENTIFIER ON
GO
CREATE TABLE [dbo].[TB_PRIN](
	[COD_P1] [varchar](3) NOT NULL,
	[COD_P2] [varchar](4) NOT NULL,
	[COD_SITU] [tinyint] NOT NULL,
 CONSTRAINT [PK_TB_OPER] PRIMARY KEY CLUSTERED 
(
	[COD_P1] ASC,
	[COD_P2] ASC
)WITH (PAD_INDEX = OFF, STATISTICS_NORECOMPUTE = OFF, IGNORE_DUP_KEY = OFF, ALLOW_ROW_LOCKS = ON, ALLOW_PAGE_LOCKS = ON, OPTIMIZE_FOR_SEQUENTIAL_KEY = OFF) ON [PRIMARY]
) ON [PRIMARY]
GO
/****** Object:  Table [dbo].[TB_SITU]    Script Date: 6/13/2021 11:41:28 PM ******/
SET ANSI_NULLS ON
GO
SET QUOTED_IDENTIFIER ON
GO
CREATE TABLE [dbo].[TB_SITU](
	[COD_SITU] [tinyint] NOT NULL,
	[NOM_SITU] [varchar](100) NOT NULL,
 CONSTRAINT [PK_TB_SITU] PRIMARY KEY CLUSTERED 
(
	[COD_SITU] ASC
)WITH (PAD_INDEX = OFF, STATISTICS_NORECOMPUTE = OFF, IGNORE_DUP_KEY = OFF, ALLOW_ROW_LOCKS = ON, ALLOW_PAGE_LOCKS = ON, OPTIMIZE_FOR_SEQUENTIAL_KEY = OFF) ON [PRIMARY]
) ON [PRIMARY]
GO
INSERT [dbo].[TB_CELU] ([ID_CELU], [DDI], [DDD], [NUM_CELU]) VALUES (N'32db8cad-0f34-4e52-934b-4340242bbac6', 55, 11, N'123456789')
INSERT [dbo].[TB_CELU] ([ID_CELU], [DDI], [DDD], [NUM_CELU]) VALUES (N'f35f4896-d417-40ca-a72f-dd423e5ff6ee', 55, 11, N'987654321')
INSERT [dbo].[TB_CHAVE_MENS_SMS] ([COD_P1], [COD_P2], [DAT_CHAVE], [TXT_CHAVE], [COD_MENS]) VALUES (N'654', N'7410', CAST(N'2021-06-13' AS Date), N'XPTO01', 10)
INSERT [dbo].[TB_CHAVE_MENS_SMS] ([COD_P1], [COD_P2], [DAT_CHAVE], [TXT_CHAVE], [COD_MENS]) VALUES (N'654', N'7410', CAST(N'2021-06-13' AS Date), N'XPTO02', 1002)
INSERT [dbo].[TB_CHAVE_MENS_SMS] ([COD_P1], [COD_P2], [DAT_CHAVE], [TXT_CHAVE], [COD_MENS]) VALUES (N'654', N'7410', CAST(N'2021-06-13' AS Date), N'XPTO03', 1003)
INSERT [dbo].[TB_CONC] ([COD_TELE_PESS], [COD_CLI], [DAT_MENS], [COD_OFER], [COD_MES]) VALUES (N'123456789', N'12345678901', CAST(N'2021-05-25' AS Date), N'CAMBIO01', NULL)
INSERT [dbo].[TB_CONC] ([COD_TELE_PESS], [COD_CLI], [DAT_MENS], [COD_OFER], [COD_MES]) VALUES (N'123456789', N'12345678901', CAST(N'2021-05-25' AS Date), N'CAMBIO02', NULL)
INSERT [dbo].[TB_EMAIL] ([ID_EMAIL], [TXT_EMAIL]) VALUES (N'b7dcc119-e8a6-442c-ab63-585b85149e15', N'bin778@uorak.com')
INSERT [dbo].[TB_EMAIL] ([ID_EMAIL], [TXT_EMAIL]) VALUES (N'e4713ed6-c1b8-4fcb-a0af-9f53fbae3a01', N'igon7809@uorak.com')
INSERT [dbo].[TB_MBRO] ([COD_MBRO], [PMRO_NOME_MBRO], [ULTM_NOME_MBRO], [NOME_MEIO]) VALUES (1, N'Jaemilton', N'Oliveira', N'Ribeiro')
INSERT [dbo].[TB_MBRO] ([COD_MBRO], [PMRO_NOME_MBRO], [ULTM_NOME_MBRO], [NOME_MEIO]) VALUES (2, N'Selen', N'Queiroz de Oliveira', N'Regiane')
INSERT [dbo].[TB_MBRO] ([COD_MBRO], [PMRO_NOME_MBRO], [ULTM_NOME_MBRO], [NOME_MEIO]) VALUES (1002, N'Selen', N'Queiroz de Oliveira', N'Regiane')
INSERT [dbo].[TB_MBRO] ([COD_MBRO], [PMRO_NOME_MBRO], [ULTM_NOME_MBRO], [NOME_MEIO]) VALUES (1003, N'Selen', N'Queiroz de Oliveira', N'Regiane')
INSERT [dbo].[TB_MBRO] ([COD_MBRO], [PMRO_NOME_MBRO], [ULTM_NOME_MBRO], [NOME_MEIO]) VALUES (1004, N'Teste', N'Queiroz de Oliveira', N'Regiane')
INSERT [dbo].[TB_MBRO] ([COD_MBRO], [PMRO_NOME_MBRO], [ULTM_NOME_MBRO], [NOME_MEIO]) VALUES (1005, N'Teste', N'Queiroz de Oliveira', N'Regiane')
INSERT [dbo].[TB_MBRO] ([COD_MBRO], [PMRO_NOME_MBRO], [ULTM_NOME_MBRO], [NOME_MEIO]) VALUES (1006, N'Teste', N'Queiroz de Oliveira', N'Regiane')
INSERT [dbo].[TB_MBRO] ([COD_MBRO], [PMRO_NOME_MBRO], [ULTM_NOME_MBRO], [NOME_MEIO]) VALUES (1007, N'Teste', N'Queiroz de Oliveira', N'Regiane')
INSERT [dbo].[TB_MBRO] ([COD_MBRO], [PMRO_NOME_MBRO], [ULTM_NOME_MBRO], [NOME_MEIO]) VALUES (1008, N'Teste', N'Queiroz de Oliveira', N'Regiane')
INSERT [dbo].[TB_MBRO] ([COD_MBRO], [PMRO_NOME_MBRO], [ULTM_NOME_MBRO], [NOME_MEIO]) VALUES (1009, N'Teste', N'Queiroz de Oliveira', N'Regiane')
SET IDENTITY_INSERT [dbo].[TB_MENS] ON 

INSERT [dbo].[TB_MENS] ([COD_MENS], [COD_P1], [COD_P2], [DAT_MENS], [COD_MENS_EXT]) VALUES (7, N'321', N'4561', CAST(N'2021-06-13T22:36:23.773' AS DateTime), N'ed7e6488-ccb0-11eb-a627-13725d0b4ee4')
INSERT [dbo].[TB_MENS] ([COD_MENS], [COD_P1], [COD_P2], [DAT_MENS], [COD_MENS_EXT]) VALUES (8, N'321', N'4561', CAST(N'2021-06-13T22:36:38.233' AS DateTime), N'f625ce00-ccb0-11eb-912f-1b84710e0b64')
INSERT [dbo].[TB_MENS] ([COD_MENS], [COD_P1], [COD_P2], [DAT_MENS], [COD_MENS_EXT]) VALUES (9, N'123', N'1234', CAST(N'2021-06-13T22:44:24.303' AS DateTime), N'0be8d42a-ccb2-11eb-a462-b717f07d7c65')
INSERT [dbo].[TB_MENS] ([COD_MENS], [COD_P1], [COD_P2], [DAT_MENS], [COD_MENS_EXT]) VALUES (10, N'654', N'7410', CAST(N'2021-06-13T22:52:00.037' AS DateTime), N'1b8d5224-ccb3-11eb-87d9-5f49405c63bc')
INSERT [dbo].[TB_MENS] ([COD_MENS], [COD_P1], [COD_P2], [DAT_MENS], [COD_MENS_EXT]) VALUES (1002, N'654', N'7410', CAST(N'2021-06-13T23:36:37.123' AS DateTime), N'573aedf8-ccb9-11eb-84f5-f742f9655bae')
INSERT [dbo].[TB_MENS] ([COD_MENS], [COD_P1], [COD_P2], [DAT_MENS], [COD_MENS_EXT]) VALUES (1003, N'654', N'7410', CAST(N'2021-06-13T23:36:50.070' AS DateTime), N'5ef9c0f0-ccb9-11eb-ab2c-23a7fb373d5a')
SET IDENTITY_INSERT [dbo].[TB_MENS] OFF
INSERT [dbo].[TB_MENS_EMAIL] ([COD_MENS], [ID_EMAIL]) VALUES (7, N'e4713ed6-c1b8-4fcb-a0af-9f53fbae3a01')
INSERT [dbo].[TB_MENS_EMAIL] ([COD_MENS], [ID_EMAIL]) VALUES (8, N'e4713ed6-c1b8-4fcb-a0af-9f53fbae3a01')
INSERT [dbo].[TB_MENS_SMS] ([COD_MENS], [ID_CELU]) VALUES (9, N'32db8cad-0f34-4e52-934b-4340242bbac6')
INSERT [dbo].[TB_MENS_SMS] ([COD_MENS], [ID_CELU]) VALUES (10, N'32db8cad-0f34-4e52-934b-4340242bbac6')
INSERT [dbo].[TB_MENS_SMS] ([COD_MENS], [ID_CELU]) VALUES (1002, N'32db8cad-0f34-4e52-934b-4340242bbac6')
INSERT [dbo].[TB_MENS_SMS] ([COD_MENS], [ID_CELU]) VALUES (1003, N'32db8cad-0f34-4e52-934b-4340242bbac6')
INSERT [dbo].[TB_PRIN] ([COD_P1], [COD_P2], [COD_SITU]) VALUES (N'123', N'1234', 1)
INSERT [dbo].[TB_PRIN] ([COD_P1], [COD_P2], [COD_SITU]) VALUES (N'321', N'4561', 1)
INSERT [dbo].[TB_PRIN] ([COD_P1], [COD_P2], [COD_SITU]) VALUES (N'654', N'7410', 1)
INSERT [dbo].[TB_SITU] ([COD_SITU], [NOM_SITU]) VALUES (1, N'SITU 1    ')
INSERT [dbo].[TB_SITU] ([COD_SITU], [NOM_SITU]) VALUES (2, N'SITU 2    ')
INSERT [dbo].[TB_SITU] ([COD_SITU], [NOM_SITU]) VALUES (3, N'SITU 3    ')
ALTER TABLE [dbo].[TB_CHAVE_MENS_SMS]  WITH CHECK ADD  CONSTRAINT [FK_TB_CHAVE_MENS_SMS_TB_MENS_SMS] FOREIGN KEY([COD_MENS])
REFERENCES [dbo].[TB_MENS_SMS] ([COD_MENS])
GO
ALTER TABLE [dbo].[TB_CHAVE_MENS_SMS] CHECK CONSTRAINT [FK_TB_CHAVE_MENS_SMS_TB_MENS_SMS]
GO
ALTER TABLE [dbo].[TB_CHAVE_MENS_SMS]  WITH CHECK ADD  CONSTRAINT [FK_TB_CHAVE_MENS_SMS_TB_PRIN] FOREIGN KEY([COD_P1], [COD_P2])
REFERENCES [dbo].[TB_PRIN] ([COD_P1], [COD_P2])
GO
ALTER TABLE [dbo].[TB_CHAVE_MENS_SMS] CHECK CONSTRAINT [FK_TB_CHAVE_MENS_SMS_TB_PRIN]
GO
ALTER TABLE [dbo].[TB_MENS]  WITH CHECK ADD  CONSTRAINT [FK_TB_MENS_TB_PRIN] FOREIGN KEY([COD_P1], [COD_P2])
REFERENCES [dbo].[TB_PRIN] ([COD_P1], [COD_P2])
GO
ALTER TABLE [dbo].[TB_MENS] CHECK CONSTRAINT [FK_TB_MENS_TB_PRIN]
GO
ALTER TABLE [dbo].[TB_MENS_EMAIL]  WITH CHECK ADD  CONSTRAINT [FK_TB_MENS_EMAIL_TB_EMAIL] FOREIGN KEY([ID_EMAIL])
REFERENCES [dbo].[TB_EMAIL] ([ID_EMAIL])
GO
ALTER TABLE [dbo].[TB_MENS_EMAIL] CHECK CONSTRAINT [FK_TB_MENS_EMAIL_TB_EMAIL]
GO
ALTER TABLE [dbo].[TB_MENS_EMAIL]  WITH CHECK ADD  CONSTRAINT [FK_TB_MENS_EMAIL_TB_MENS] FOREIGN KEY([COD_MENS])
REFERENCES [dbo].[TB_MENS] ([COD_MENS])
GO
ALTER TABLE [dbo].[TB_MENS_EMAIL] CHECK CONSTRAINT [FK_TB_MENS_EMAIL_TB_MENS]
GO
ALTER TABLE [dbo].[TB_MENS_SMS]  WITH CHECK ADD  CONSTRAINT [FK_TB_MENS_SMS_TB_CELU] FOREIGN KEY([ID_CELU])
REFERENCES [dbo].[TB_CELU] ([ID_CELU])
GO
ALTER TABLE [dbo].[TB_MENS_SMS] CHECK CONSTRAINT [FK_TB_MENS_SMS_TB_CELU]
GO
ALTER TABLE [dbo].[TB_MENS_SMS]  WITH CHECK ADD  CONSTRAINT [FK_TB_MENS_SMS_TB_MENS] FOREIGN KEY([COD_MENS])
REFERENCES [dbo].[TB_MENS] ([COD_MENS])
GO
ALTER TABLE [dbo].[TB_MENS_SMS] CHECK CONSTRAINT [FK_TB_MENS_SMS_TB_MENS]
GO
ALTER TABLE [dbo].[TB_PRIN]  WITH CHECK ADD  CONSTRAINT [FK_TB_PRIN_TB_SITU1] FOREIGN KEY([COD_SITU])
REFERENCES [dbo].[TB_SITU] ([COD_SITU])
GO
ALTER TABLE [dbo].[TB_PRIN] CHECK CONSTRAINT [FK_TB_PRIN_TB_SITU1]
GO
